<?xml version="1.0" encoding="UTF-8"?>
<project-private xmlns="http://www.netbeans.org/ns/project-private/1">
    <editor-bookmarks xmlns="http://www.netbeans.org/ns/editor-bookmarks/2" lastBookmarkId="0"/>
    <open-files xmlns="http://www.netbeans.org/ns/projectui-open-files/2">
        <group>
            <file>file:/F:/MultiFieldMvcCrud/web/WEB-INF/jsppages/student_edit.jsp</file>
            <file>file:/F:/MultiFieldMvcCrud/src/java/controller/StudentAdd.java</file>
            <file>file:/F:/MultiFieldMvcCrud/src/java/controller/Student.java</file>
            <file>file:/F:/MultiFieldMvcCrud/src/java/controller/StudentEdit.java</file>
        </group>
    </open-files>
</project-private>
