<?xml version="1.0" encoding="UTF-8"?>
<project-private xmlns="http://www.netbeans.org/ns/project-private/1">
    <editor-bookmarks xmlns="http://www.netbeans.org/ns/editor-bookmarks/2" lastBookmarkId="0"/>
    <open-files xmlns="http://www.netbeans.org/ns/projectui-open-files/2">
        <group>
            <file>file:/F:/SprinfWithdatabase/src/java/com/ssd/service/LoginService.java</file>
            <file>file:/F:/SprinfWithdatabase/src/java/com/utility/SQLUtility.java</file>
            <file>file:/F:/SprinfWithdatabase/src/java/com/utility/DbUtil.java</file>
            <file>file:/F:/SprinfWithdatabase/src/java/com/ssd/controller/LoginController.java</file>
            <file>file:/F:/SprinfWithdatabase/src/java/property/common.java</file>
        </group>
    </open-files>
</project-private>
