<?xml version="1.0" encoding="UTF-8"?>
<project-private xmlns="http://www.netbeans.org/ns/project-private/1">
    <editor-bookmarks xmlns="http://www.netbeans.org/ns/editor-bookmarks/2" lastBookmarkId="0"/>
    <open-files xmlns="http://www.netbeans.org/ns/projectui-open-files/2">
        <group>
            <file>file:/F:/FileUploadDemo2/web/WEB-INF/jsp/editstudentform.jsp</file>
            <file>file:/F:/FileUploadDemo2/src/java/com/utility/SQLUtility.java</file>
            <file>file:/F:/FileUploadDemo2/web/WEB-INF/jsp/error.jsp</file>
            <file>file:/F:/FileUploadDemo2/src/java/com/filedemo/apps/controller/FileHandler.java</file>
            <file>file:/F:/FileUploadDemo2/src/java/com/filedemo/apps/datamanager/StudentDao.java</file>
            <file>file:/F:/FileUploadDemo2/web/WEB-INF/jsp/studentList.jsp</file>
            <file>file:/F:/FileUploadDemo2/src/java/com/filedemo/apps/service/StudentService.java</file>
        </group>
    </open-files>
</project-private>
